[{"__type__":"cc.SpriteFrame","content":{"name":"云朵2","texture":"2bcDqg4rVNIoWXPuabvpQl","rect":[0,0,150,82],"offset":[0,0],"originalSize":[150,82]}},{"__type__":"cc.SpriteFrame","content":{"name":"ground ","texture":"94p0hhAadMf6wmRK7YS4kP","rect":[0,0,200,82],"offset":[0,0],"originalSize":[200,82]}},{"__type__":"cc.SpriteFrame","content":{"name":"far-bg1","texture":"23PfzITglL6pHp0w92fV4+","rect":[0,0,1142,780],"offset":[0,0],"originalSize":[1142,780]}},{"__type__":"cc.SpriteFrame","content":{"name":"1","texture":"5fMkPtQo9JIapJkaAJGTrb","rect":[137,152,371,387],"offset":[-27.5,4.5],"originalSize":[700,700]}},{"__type__":"cc.SpriteFrame","content":{"name":"1","texture":"a0zaSlIUFGxLD8/iBS8mnq","rect":[0,0,164,116],"offset":[0,0],"originalSize":[164,116]}},{"__type__":"cc.SpriteFrame","content":{"name":"near-bg","texture":"5e/b24kXFFQIGuVOy2iwMu","rect":[0,0,1600,189],"offset":[0,0],"originalSize":[1600,189]}},{"__type__":"cc.SpriteFrame","content":{"name":"走1","texture":"3eJ9xB1otPX4ps3zP86Huc","rect":[25,11,75,81],"offset":[0.5,0.5],"originalSize":[124,104]}},[{"__type__":"cc.SceneAsset","_name":"mygame","scene":{"__id__":1},"asyncLoadAssets":null},{"__type__":"cc.Scene","_name":"New Node","_children":[{"__id__":2},{"__id__":3},{"__id__":4},{"__id__":12},{"__id__":13},{"__id__":8},{"__id__":9},{"__id__":11},{"__id__":6},{"__id__":7},{"__id__":10},{"__id__":14},{"__id__":15},{"__id__":16},{"__id__":5},{"__id__":17},{"__id__":18},{"__id__":19},{"__id__":20},{"__id__":22},{"__id__":21},{"__id__":24},{"__id__":26},{"__id__":29},{"__id__":27},{"__id__":28}],"_anchorPoint":{"__type__":"cc.Vec2"},"autoReleaseAssets":false},{"__type__":"cc.Node","_name":"Canvas","_parent":{"__id__":1},"_components":[{"__type__":"cc.Canvas","node":{"__id__":2}},null],"_id":"d8ByV5rHNB8ZXRazw9xrzC","_contentSize":{"__type__":"cc.Size","width":960,"height":640},"_position":{"__type__":"cc.Vec2","x":480,"y":320}},{"__type__":"cc.Node","_name":"bg1","_parent":{"__id__":1},"_components":[{"__type__":"cc.Sprite","node":{"__id__":3},"_spriteFrame":{"__uuid__":"2d+ZE5cURH/omkHF/eoINV"}},{"__type__":"d1a95lriVlBEK/GjNykCFn6","node":{"__id__":3},"accel":1,"pickRadius":60,"bg2":{"__id__":4},"player":{"__id__":5},"ground":{"__id__":6},"ground1":{"__id__":7},"ground2":{"__id__":8},"ground3":{"__id__":9},"ground4":{"__id__":10},"ground5":{"__id__":11},"island":{"__id__":12},"island2":{"__id__":13},"starPrefab":{"__uuid__":"6b/JKrIJFDv4d2v1KT2+Ut"},"star":{"__id__":14},"star1":{"__id__":15},"star2":{"__id__":16},"star3":{"__id__":17},"star4":{"__id__":18},"star5":{"__id__":19},"star6":{"__id__":20},"star7":{"__id__":21},"star8":{"__id__":22},"distance_display":{"__id__":23},"score_display":{"__id__":25},"bird":{"__id__":27},"bird2":{"__id__":28},"bgmusic":{"__uuid__":"a2yzlbZYhJqowQDpnuP8dA"}}],"_id":"24FIsilSdIfZKGSh15pX2b","_contentSize":{"__type__":"cc.Size","width":1142,"height":780},"_position":{"__type__":"cc.Vec2","x":568,"y":273}},{"__type__":"cc.Node","_name":"bg2","_parent":{"__id__":1},"_components":[{"__type__":"cc.Sprite","node":{"__id__":4},"_spriteFrame":{"__uuid__":"2d+ZE5cURH/omkHF/eoINV"}}],"_id":"b2hdx8lcRIg581d3m/PAAh","_contentSize":{"__type__":"cc.Size","width":1142,"height":780},"_position":{"__type__":"cc.Vec2","x":1709,"y":273}},{"__type__":"cc.Node","_name":"Player","_parent":{"__id__":1},"_components":[{"__type__":"cc.Sprite","node":{"__id__":5},"_spriteFrame":{"__uuid__":"98NnlXUBtAUIEhKW5HP+75"},"_sizeMode":0},{"__type__":"f728f+grw5HLKrMJV5IuDnZ","node":{"__id__":5},"maxSpeed":{"__type__":"cc.Vec2","y":800},"jumpSpeed":800,"gravity":-2000,"jumpAudio":{"__uuid__":"8601sMPXBC6oEdLfRJ6KcI"}},{"__type__":"cc.BoxCollider","node":{"__id__":5},"_offset":{"__type__":"cc.Vec2","y":32.5},"_size":{"__type__":"cc.Size","width":65,"height":70}},{"__type__":"cc.Animation","node":{"__id__":5},"_clips":[{"__uuid__":"e7nFPRyfFOcqVQoUBfMXhy"},{"__uuid__":"b43NASyglE4baCCDIJSEuB"}],"playOnLoad":true}],"_id":"20dsRpDkxPU6hp4uKgEPKS","_anchorPoint":{"__type__":"cc.Vec2","x":0.5},"_contentSize":{"__type__":"cc.Size","width":65,"height":70},"_position":{"__type__":"cc.Vec2","x":151,"y":646}},{"__type__":"cc.Node","_name":"ground","_parent":{"__id__":1},"_components":[{"__type__":"cc.Sprite","node":{"__id__":6},"_spriteFrame":{"__uuid__":"bbtbedO2BAEbtHEwSRrO4i"},"_sizeMode":0},{"__type__":"cc.BoxCollider","node":{"__id__":6},"_offset":{"__type__":"cc.Vec2","y":-7},"_size":{"__type__":"cc.Size","width":250,"height":45}}],"_id":"dfKGojmbhPsYbkmwYNyP44","_contentSize":{"__type__":"cc.Size","width":250,"height":60},"_position":{"__type__":"cc.Vec2","x":306,"y":314}},{"__type__":"cc.Node","_name":"ground-1","_parent":{"__id__":1},"_components":[{"__type__":"cc.Sprite","node":{"__id__":7},"_spriteFrame":{"__uuid__":"18CUci0xlAYJL8jD/tYDvw"},"_sizeMode":0},{"__type__":"cc.BoxCollider","node":{"__id__":7},"_offset":{"__type__":"cc.Vec2","y":-7},"_size":{"__type__":"cc.Size","width":105,"height":45}}],"_id":"b1GnS+kZJAkZDPdp7t3HpQ","_contentSize":{"__type__":"cc.Size","width":105,"height":60},"_position":{"__type__":"cc.Vec2","x":712,"y":267}},{"__type__":"cc.Node","_name":"ground-2","_parent":{"__id__":1},"_components":[{"__type__":"cc.Sprite","node":{"__id__":8},"_spriteFrame":{"__uuid__":"262lwHCNBHHK/qLqGTl7Cw"},"_sizeMode":0},{"__type__":"cc.BoxCollider","node":{"__id__":8},"_offset":{"__type__":"cc.Vec2","y":-7},"_size":{"__type__":"cc.Size","width":149,"height":45}}],"_id":"21vK7RawxF2r8v5ZR6XZ2I","_contentSize":{"__type__":"cc.Size","width":149,"height":65},"_position":{"__type__":"cc.Vec2","x":1039,"y":333}},{"__type__":"cc.Node","_name":"ground-3","_parent":{"__id__":1},"_components":[{"__type__":"cc.Sprite","node":{"__id__":9},"_spriteFrame":{"__uuid__":"262lwHCNBHHK/qLqGTl7Cw"},"_sizeMode":0},{"__type__":"cc.BoxCollider","node":{"__id__":9},"_offset":{"__type__":"cc.Vec2","y":-7},"_size":{"__type__":"cc.Size","width":149,"height":45}}],"_id":"38IFEDIu1B0IIxiwDFiAX2","_contentSize":{"__type__":"cc.Size","width":149,"height":65},"_position":{"__type__":"cc.Vec2","x":1445,"y":194}},{"__type__":"cc.Node","_name":"ground-4","_parent":{"__id__":1},"_components":[{"__type__":"cc.Sprite","node":{"__id__":10},"_spriteFrame":{"__uuid__":"18CUci0xlAYJL8jD/tYDvw"},"_sizeMode":0},{"__type__":"cc.BoxCollider","node":{"__id__":10},"_offset":{"__type__":"cc.Vec2","y":-7},"_size":{"__type__":"cc.Size","width":105,"height":45}}],"_id":"58kpSdtPtGtqDIk1dGS9MI","_contentSize":{"__type__":"cc.Size","width":105,"height":60},"_position":{"__type__":"cc.Vec2","x":1808,"y":347}},{"__type__":"cc.Node","_name":"ground-5","_parent":{"__id__":1},"_components":[{"__type__":"cc.Sprite","node":{"__id__":11},"_spriteFrame":{"__uuid__":"262lwHCNBHHK/qLqGTl7Cw"},"_sizeMode":0},{"__type__":"cc.BoxCollider","node":{"__id__":11},"_offset":{"__type__":"cc.Vec2","y":-7},"_size":{"__type__":"cc.Size","width":149,"height":45}}],"_id":"ebCh6hLhNKHYsQ3pR4YF48","_contentSize":{"__type__":"cc.Size","width":149,"height":65},"_position":{"__type__":"cc.Vec2","x":2142,"y":236}},{"__type__":"cc.Node","_name":"island","_parent":{"__id__":1},"_components":[{"__type__":"cc.Sprite","node":{"__id__":12},"_spriteFrame":{"__uuid__":"8bIc0r4lREKZiW8SpusWSM"}}],"_id":"26uoLY5h5KLYAN55hwzNUd","_contentSize":{"__type__":"cc.Size","width":1600,"height":189},"_position":{"__type__":"cc.Vec2","x":801,"y":87}},{"__type__":"cc.Node","_name":"island2","_parent":{"__id__":1},"_components":[{"__type__":"cc.Sprite","node":{"__id__":13},"_spriteFrame":{"__uuid__":"8bIc0r4lREKZiW8SpusWSM"}}],"_id":"2cZ2H7/bBAuY/FrDwEBUsR","_contentSize":{"__type__":"cc.Size","width":1600,"height":189},"_position":{"__type__":"cc.Vec2","x":2398,"y":87}},{"__type__":"cc.Node","_name":"star","_parent":{"__id__":1},"_components":[{"__type__":"cc.Sprite","node":{"__id__":14},"_spriteFrame":{"__uuid__":"fe1Q4B9oBH0IPdea0/y7gR"},"_sizeMode":0},{"__type__":"cc.Animation","node":{"__id__":14},"_defaultClip":{"__uuid__":"80/+FkXHdDKpfRDeVbjH8E"},"_clips":[{"__uuid__":"80/+FkXHdDKpfRDeVbjH8E"}]}],"_id":"af3sLr2wJId5N0qePzUovj","_contentSize":{"__type__":"cc.Size","width":32,"height":30},"_position":{"__type__":"cc.Vec2","x":780,"y":365}},{"__type__":"cc.Node","_name":"star1","_parent":{"__id__":1},"_components":[{"__type__":"cc.Sprite","node":{"__id__":15},"_spriteFrame":{"__uuid__":"fe1Q4B9oBH0IPdea0/y7gR"},"_sizeMode":0}],"_id":"d2ElYyWZZAsYcL1D1EnyG+","_contentSize":{"__type__":"cc.Size","width":32,"height":30},"_position":{"__type__":"cc.Vec2","x":843,"y":410}},{"__type__":"cc.Node","_name":"star2","_parent":{"__id__":1},"_components":[{"__type__":"cc.Sprite","node":{"__id__":16},"_spriteFrame":{"__uuid__":"fe1Q4B9oBH0IPdea0/y7gR"},"_sizeMode":0}],"_id":"daNT7dFVVNAa+VCHo3aGS2","_contentSize":{"__type__":"cc.Size","width":32,"height":30},"_position":{"__type__":"cc.Vec2","x":919,"y":426}},{"__type__":"cc.Node","_name":"star3","_parent":{"__id__":1},"_components":[{"__type__":"cc.Sprite","node":{"__id__":17},"_spriteFrame":{"__uuid__":"fe1Q4B9oBH0IPdea0/y7gR"},"_sizeMode":0},{"__type__":"cc.Animation","node":{"__id__":17},"_defaultClip":{"__uuid__":"80/+FkXHdDKpfRDeVbjH8E"},"_clips":[{"__uuid__":"80/+FkXHdDKpfRDeVbjH8E"}]}],"_id":"38gx29A9tNnbRazm4lMk/V","_contentSize":{"__type__":"cc.Size","width":32,"height":30},"_position":{"__type__":"cc.Vec2","x":1657,"y":338}},{"__type__":"cc.Node","_name":"star4","_parent":{"__id__":1},"_components":[{"__type__":"cc.Sprite","node":{"__id__":18},"_spriteFrame":{"__uuid__":"fe1Q4B9oBH0IPdea0/y7gR"},"_sizeMode":0},{"__type__":"cc.Animation","node":{"__id__":18},"_defaultClip":{"__uuid__":"80/+FkXHdDKpfRDeVbjH8E"},"_clips":[{"__uuid__":"80/+FkXHdDKpfRDeVbjH8E"}]}],"_id":"0emu6VCvFDyaKV8kcpbTcD","_contentSize":{"__type__":"cc.Size","width":32,"height":30},"_position":{"__type__":"cc.Vec2","x":1605,"y":338}},{"__type__":"cc.Node","_name":"star5","_parent":{"__id__":1},"_components":[{"__type__":"cc.Sprite","node":{"__id__":19},"_spriteFrame":{"__uuid__":"fe1Q4B9oBH0IPdea0/y7gR"},"_sizeMode":0},{"__type__":"cc.Animation","node":{"__id__":19},"_defaultClip":{"__uuid__":"80/+FkXHdDKpfRDeVbjH8E"},"_clips":[{"__uuid__":"80/+FkXHdDKpfRDeVbjH8E"}]}],"_id":"15H9SnfutHWZBlceq++taZ","_contentSize":{"__type__":"cc.Size","width":32,"height":30},"_position":{"__type__":"cc.Vec2","x":1657,"y":423}},{"__type__":"cc.Node","_name":"star6","_parent":{"__id__":1},"_components":[{"__type__":"cc.Sprite","node":{"__id__":20},"_spriteFrame":{"__uuid__":"fe1Q4B9oBH0IPdea0/y7gR"},"_sizeMode":0},{"__type__":"cc.Animation","node":{"__id__":20},"_defaultClip":{"__uuid__":"80/+FkXHdDKpfRDeVbjH8E"},"_clips":[{"__uuid__":"80/+FkXHdDKpfRDeVbjH8E"}]}],"_id":"ac88E6sfhBMLNYzy04XnHS","_contentSize":{"__type__":"cc.Size","width":32,"height":30},"_position":{"__type__":"cc.Vec2","x":1657,"y":381}},{"__type__":"cc.Node","_name":"star7","_parent":{"__id__":1},"_components":[{"__type__":"cc.Sprite","node":{"__id__":21},"_spriteFrame":{"__uuid__":"fe1Q4B9oBH0IPdea0/y7gR"},"_sizeMode":0},{"__type__":"cc.Animation","node":{"__id__":21},"_defaultClip":{"__uuid__":"80/+FkXHdDKpfRDeVbjH8E"},"_clips":[{"__uuid__":"80/+FkXHdDKpfRDeVbjH8E"}]}],"_id":"f42Z+6rHRKvaFnuDLg8Qm3","_contentSize":{"__type__":"cc.Size","width":32,"height":30},"_position":{"__type__":"cc.Vec2","x":1605,"y":381}},{"__type__":"cc.Node","_name":"star8","_parent":{"__id__":1},"_components":[{"__type__":"cc.Sprite","node":{"__id__":22},"_spriteFrame":{"__uuid__":"fe1Q4B9oBH0IPdea0/y7gR"},"_sizeMode":0},{"__type__":"cc.Animation","node":{"__id__":22},"_defaultClip":{"__uuid__":"80/+FkXHdDKpfRDeVbjH8E"},"_clips":[{"__uuid__":"80/+FkXHdDKpfRDeVbjH8E"}]}],"_id":"89n//o3aJK7I2ejLfTER9n","_contentSize":{"__type__":"cc.Size","width":32,"height":30},"_position":{"__type__":"cc.Vec2","x":1553,"y":338}},{"__type__":"cc.Label","node":{"__id__":24},"_useOriginalSize":false,"_actualFontSize":20,"_fontSize":20,"_N$string":"距离：0","_N$horizontalAlign":1,"_N$verticalAlign":1},{"__type__":"cc.Node","_name":"distance","_parent":{"__id__":1},"_components":[{"__id__":23}],"_id":"28BkNEDjpHWa006q0uH8xe","_contentSize":{"__type__":"cc.Size","width":71,"height":40},"_position":{"__type__":"cc.Vec2","x":803,"y":53}},{"__type__":"cc.Label","node":{"__id__":26},"_useOriginalSize":false,"_actualFontSize":20,"_fontSize":20,"_N$string":"得分：0","_N$horizontalAlign":1,"_N$verticalAlign":1},{"__type__":"cc.Node","_name":"score","_parent":{"__id__":1},"_components":[{"__id__":25}],"_id":"d2pWxQsUdI87j3ASxXZ9Py","_contentSize":{"__type__":"cc.Size","width":71,"height":40},"_position":{"__type__":"cc.Vec2","x":804,"y":22}},{"__type__":"cc.Node","_name":"bird1","_parent":{"__id__":1},"_components":[{"__type__":"cc.Sprite","node":{"__id__":27},"_spriteFrame":{"__uuid__":"85Pq4WV1pPrLkcwAR1ewzI"},"_sizeMode":0},{"__type__":"cc.Animation","node":{"__id__":27},"_defaultClip":{"__uuid__":"b2nt96WFVFbY6tw3IuVQ8g"},"_clips":[{"__uuid__":"b2nt96WFVFbY6tw3IuVQ8g"}],"playOnLoad":true}],"_id":"cc2zF0T4dDwqr/cMKQesn7","_contentSize":{"__type__":"cc.Size","width":60,"height":45},"_position":{"__type__":"cc.Vec2","x":1426,"y":545}},{"__type__":"cc.Node","_name":"bird2","_parent":{"__id__":1},"_components":[{"__type__":"cc.Sprite","node":{"__id__":28},"_spriteFrame":{"__uuid__":"85Pq4WV1pPrLkcwAR1ewzI"},"_sizeMode":0},{"__type__":"cc.Animation","node":{"__id__":28},"_defaultClip":{"__uuid__":"b2nt96WFVFbY6tw3IuVQ8g"},"_clips":[{"__uuid__":"b2nt96WFVFbY6tw3IuVQ8g"}],"playOnLoad":true}],"_id":"7bcxmFWhhACbCexRblI9as","_contentSize":{"__type__":"cc.Size","width":60,"height":45},"_position":{"__type__":"cc.Vec2","x":3547,"y":569}},{"__type__":"cc.Node","_name":"sun","_parent":{"__id__":1},"_components":[{"__type__":"cc.Sprite","node":{"__id__":29},"_spriteFrame":{"__uuid__":"7eY8Y9lXxBv5uc4SYQo96E"},"_sizeMode":0},{"__type__":"cc.Animation","node":{"__id__":29},"_defaultClip":{"__uuid__":"a04hUuoBNFQ7WwPcBOUxbD"},"_clips":[{"__uuid__":"a04hUuoBNFQ7WwPcBOUxbD"}],"playOnLoad":true}],"_id":"93gCBXMdtLbrWMEGPJwLpD","_contentSize":{"__type__":"cc.Size","width":80,"height":80},"_position":{"__type__":"cc.Vec2","x":705,"y":576}}],{"__type__":"cc.SpriteFrame","content":{"name":"云朵6","texture":"daAVtP6EpN07Gx8A9EgIcR","rect":[1,0,345,82],"offset":[0.5,0],"originalSize":[346,82]}},{"__type__":"cc.SpriteFrame","content":{"name":"星星","texture":"8c9CcF0qVM2rZg6ZjfPA+f","rect":[63,59,95,92],"offset":[0.5,5],"originalSize":[220,220]}}]