[{"__type__":"cc.SpriteFrame","content":{"name":"Player","texture":"6aYux1iKpHabBdzpgaNIdm","rect":[24,11,75,81],"offset":[-0.5,0.5],"originalSize":[124,104]}},{"__type__":"cc.SpriteFrame","content":{"name":"走1","texture":"3eJ9xB1otPX4ps3zP86Huc","rect":[25,11,75,81],"offset":[0.5,0.5],"originalSize":[124,104]}},{"__type__":"cc.AnimationClip","_name":"PlayerAnimation","_duration":0.13333333333333333,"speed":0.3,"curveData":{"comps":{"cc.Sprite":{"spriteFrame":[{"frame":0,"value":{"__uuid__":"98NnlXUBtAUIEhKW5HP+75"}},{"frame":0.05,"value":{"__uuid__":"54ctVFbQRML55gPWwleDTG"}},{"frame":0.11666666666666667,"value":{"__uuid__":"98NnlXUBtAUIEhKW5HP+75"}}]}}},"events":[{"frame":0,"func":"","params":[]}]}]