[{"__type__":"cc.SpriteFrame","content":{"name":"4","texture":"5dxxHHumRI6La/4HOHP4Gi","rect":[137,143,369,400],"offset":[-28.5,7],"originalSize":[700,700]}},{"__type__":"cc.SpriteFrame","content":{"name":"5","texture":"2ecUUd8p1EZ4V5iOL36YSg","rect":[114,152,410,386],"offset":[-31,5],"originalSize":[700,700]}},{"__type__":"cc.SpriteFrame","content":{"name":"2","texture":"578ZGqpitG0qKg+ZqF8rmz","rect":[119,152,395,386],"offset":[-33.5,5],"originalSize":[700,700]}},{"__type__":"cc.SpriteFrame","content":{"name":"1","texture":"5fMkPtQo9JIapJkaAJGTrb","rect":[137,152,371,387],"offset":[-27.5,4.5],"originalSize":[700,700]}},{"__type__":"cc.SpriteFrame","content":{"name":"9","texture":"91ZLgw3HRIrInrBA7ai9V0","rect":[133,149,373,401],"offset":[-30.5,0.5],"originalSize":[700,700]}},{"__type__":"cc.SpriteFrame","content":{"name":"3","texture":"b7iFjXL05E3Y2dOIeh78qB","rect":[133,150,379,404],"offset":[-27.5,-2],"originalSize":[700,700]}},{"__type__":"cc.AnimationClip","_name":"Sun","_duration":0.31666666666666665,"speed":0.2,"wrapMode":2,"curveData":{"comps":{"cc.Sprite":{"spriteFrame":[{"frame":0,"value":{"__uuid__":"7eY8Y9lXxBv5uc4SYQo96E"}},{"frame":0.03333333333333333,"value":{"__uuid__":"70yO9Alv1GTraZpl9BIzv8"}},{"frame":0.06666666666666667,"value":{"__uuid__":"9bHC/F9HJFIotSroKXNjtD"}},{"frame":0.1,"value":{"__uuid__":"07srqwylRHxp1m5OnCASzR"}},{"frame":0.13333333333333333,"value":{"__uuid__":"0e210s2clEQqdupKL4IhY5"}},{"frame":0.16666666666666666,"value":{"__uuid__":"faslhJOK5OSpfjmLjfFxnn"}},{"frame":0.2,"value":{"__uuid__":"f8R0M8bGJPZqV2Q4s9HTRT"}},{"frame":0.23333333333333334,"value":{"__uuid__":"c3mYykOklMK5gjnl2vZuso"}},{"frame":0.26666666666666666,"value":{"__uuid__":"8ej/E1Z3hATqHsnvu6hZw9"}},{"frame":0.3,"value":{"__uuid__":"dbCF26RQFFaaVKJ1jiFFVi"}}]}}}},{"__type__":"cc.SpriteFrame","content":{"name":"8","texture":"d8OUO73QFM3YklqXjzv5EU","rect":[127,138,380,405],"offset":[-33,9.5],"originalSize":[700,700]}},{"__type__":"cc.SpriteFrame","content":{"name":"10","texture":"2cLLVNbQ5JUI6K2IWXPYI4","rect":[115,152,410,386],"offset":[-30,5],"originalSize":[700,700]}},{"__type__":"cc.SpriteFrame","content":{"name":"7","texture":"23aPRNbCRKT5VjGY9Zrmp4","rect":[124,152,398,386],"offset":[-27,5],"originalSize":[700,700]}},{"__type__":"cc.SpriteFrame","content":{"name":"6","texture":"96oRgp00ZN8LA4ekZRJfEv","rect":[129,152,377,390],"offset":[-32.5,3],"originalSize":[700,700]}}]