[{"__type__":"cc.SpriteFrame","content":{"name":"Back_home","texture":"8beJrko4JOyqFQ3Kt5952T","rect":[309,315,238,89],"offset":[3,-5],"originalSize":[850,709]}},{"__type__":"cc.SpriteFrame","content":{"name":"far-bg1","texture":"23PfzITglL6pHp0w92fV4+","rect":[0,0,1142,780],"offset":[0,0],"originalSize":[1142,780]}},{"__type__":"cc.SpriteFrame","content":{"name":"Once_again","texture":"d9keDd8/RKMaGyXwdTglzS","rect":[309,315,238,89],"offset":[3,-5],"originalSize":[850,709]}},{"__type__":"cc.SpriteFrame","content":{"name":"back_home_btn_mouseover","texture":"1fmQzj8vVCfZaJS9yPggui","rect":[309,315,238,89],"offset":[3,-5],"originalSize":[850,709]}},{"__type__":"cc.SpriteFrame","content":{"name":"once_btn_mouseover","texture":"26zTjjGYRJh7m5edqNYg4E","rect":[309,315,238,89],"offset":[3,-5],"originalSize":[850,709]}},[{"__type__":"cc.SceneAsset","_name":"Gameover","scene":{"__id__":1},"asyncLoadAssets":null},{"__type__":"cc.Scene","_name":"New Node","_children":[{"__id__":2},{"__id__":3},{"__id__":4},{"__id__":5},{"__id__":6},{"__id__":8},{"__id__":11}],"_anchorPoint":{"__type__":"cc.Vec2"},"autoReleaseAssets":false},{"__type__":"cc.Node","_name":"Canvas","_parent":{"__id__":1},"_components":[{"__type__":"cc.Canvas","node":{"__id__":2}},{"__type__":"3abcePuouFErqhC7CvgfZUE","node":{"__id__":2},"bg1":{"__id__":3},"bg2":{"__id__":4},"island":{"__id__":5},"island2":{"__id__":6},"button":{"__id__":7},"button1":{"__id__":10}}],"_id":"88yVf5m09PWaPtv421PGlJ","_contentSize":{"__type__":"cc.Size","width":960,"height":640},"_position":{"__type__":"cc.Vec2","x":480,"y":320}},{"__type__":"cc.Node","_name":"bg1","_parent":{"__id__":1},"_components":[{"__type__":"cc.Sprite","node":{"__id__":3},"_spriteFrame":{"__uuid__":"2d+ZE5cURH/omkHF/eoINV"}}],"_id":"d8KEQqrv9HLK0sflyVDZrO","_contentSize":{"__type__":"cc.Size","width":1142,"height":780},"_position":{"__type__":"cc.Vec2","x":568,"y":273}},{"__type__":"cc.Node","_name":"bg2","_parent":{"__id__":1},"_components":[{"__type__":"cc.Sprite","node":{"__id__":4},"_spriteFrame":{"__uuid__":"2d+ZE5cURH/omkHF/eoINV"}}],"_id":"48nah6HJJGcL/XANQ1sXqR","_contentSize":{"__type__":"cc.Size","width":1142,"height":780},"_position":{"__type__":"cc.Vec2","x":1709,"y":273}},{"__type__":"cc.Node","_name":"island","_parent":{"__id__":1},"_components":[{"__type__":"cc.Sprite","node":{"__id__":5},"_spriteFrame":{"__uuid__":"8bIc0r4lREKZiW8SpusWSM"}}],"_id":"64qObYc0FJsZO7POMH4TmR","_contentSize":{"__type__":"cc.Size","width":1600,"height":189},"_position":{"__type__":"cc.Vec2","x":801,"y":87}},{"__type__":"cc.Node","_name":"island2","_parent":{"__id__":1},"_components":[{"__type__":"cc.Sprite","node":{"__id__":6},"_spriteFrame":{"__uuid__":"8bIc0r4lREKZiW8SpusWSM"}}],"_id":"a1gXZxmatNHKZdggyQI+Nl","_contentSize":{"__type__":"cc.Size","width":1600,"height":189},"_position":{"__type__":"cc.Vec2","x":2398,"y":87}},{"__type__":"cc.Button","node":{"__id__":8},"transition":2,"pressedColor":{"__type__":"cc.Color","r":255,"g":255,"b":255},"_N$normalColor":{"__type__":"cc.Color","r":255,"g":255,"b":255},"_N$disabledColor":{"__type__":"cc.Color","r":255,"g":255,"b":255},"_N$normalSprite":{"__uuid__":"41yDXE7XtN2rUP/80pAr2i"},"_N$hoverSprite":{"__uuid__":"61I1Z+8exBZqVUiQHRZ/zA"},"hoverSprite":{"__uuid__":"61I1Z+8exBZqVUiQHRZ/zA"},"_N$target":{"__id__":8}},{"__type__":"cc.Node","_name":"once_again_btn","_parent":{"__id__":1},"_children":[{"__id__":9}],"_components":[{"__type__":"cc.Sprite","node":{"__id__":8},"_spriteFrame":{"__uuid__":"41yDXE7XtN2rUP/80pAr2i"},"_type":1,"_sizeMode":0},{"__id__":7}],"_id":"58f3XJrDRK6o0FVEmowGAd","_contentSize":{"__type__":"cc.Size","width":200,"height":80},"_position":{"__type__":"cc.Vec2","x":482,"y":401}},{"__type__":"cc.Node","_name":"Onceagain","_parent":{"__id__":8},"_active":false,"_components":[{"__type__":"cc.Label","node":{"__id__":9},"_useOriginalSize":false,"_actualFontSize":20,"_fontSize":20,"_enableWrapText":false,"_N$string":"button","_N$horizontalAlign":1,"_N$verticalAlign":1,"_N$overflow":1}],"_color":{"__type__":"cc.Color"},"_contentSize":{"__type__":"cc.Size","width":100,"height":40}},{"__type__":"cc.Button","node":{"__id__":11},"transition":2,"pressedColor":{"__type__":"cc.Color","r":255,"g":255,"b":255},"_N$normalColor":{"__type__":"cc.Color","r":255,"g":255,"b":255},"_N$disabledColor":{"__type__":"cc.Color","r":255,"g":255,"b":255},"_N$normalSprite":{"__uuid__":"29whOKqe1GP5Ei9aTHxUVw"},"_N$hoverSprite":{"__uuid__":"4aFG8M51FBo6daFSi1UJcI"},"hoverSprite":{"__uuid__":"4aFG8M51FBo6daFSi1UJcI"},"_N$target":{"__id__":11}},{"__type__":"cc.Node","_name":"back_home_btn","_parent":{"__id__":1},"_children":[{"__id__":12}],"_components":[{"__type__":"cc.Sprite","node":{"__id__":11},"_spriteFrame":{"__uuid__":"29whOKqe1GP5Ei9aTHxUVw"},"_type":1,"_sizeMode":0},{"__id__":10}],"_id":"13vibmDtVDW7Y/uNE2lLAC","_contentSize":{"__type__":"cc.Size","width":200,"height":80},"_position":{"__type__":"cc.Vec2","x":482,"y":258}},{"__type__":"cc.Node","_name":"Label","_parent":{"__id__":11},"_active":false,"_components":[{"__type__":"cc.Label","node":{"__id__":12},"_useOriginalSize":false,"_actualFontSize":20,"_fontSize":20,"_enableWrapText":false,"_N$string":"button","_N$horizontalAlign":1,"_N$verticalAlign":1,"_N$overflow":1}],"_color":{"__type__":"cc.Color"},"_contentSize":{"__type__":"cc.Size","width":100,"height":40}}],{"__type__":"cc.SpriteFrame","content":{"name":"near-bg","texture":"5e/b24kXFFQIGuVOy2iwMu","rect":[0,0,1600,189],"offset":[0,0],"originalSize":[1600,189]}}]