[{"__type__":"cc.SpriteFrame","content":{"name":"Start_button","texture":"7deGd5cuBOhrLPGZ6Y/IqR","rect":[309,199,238,89],"offset":[3,111],"originalSize":[850,709]}},{"__type__":"cc.SpriteFrame","content":{"name":"exit_btn_mouseover","texture":"76baioebJECLcbXPS/NgDY","rect":[309,315,238,89],"offset":[3,-5],"originalSize":[850,709]}},{"__type__":"cc.SpriteFrame","content":{"name":"far-bg1","texture":"23PfzITglL6pHp0w92fV4+","rect":[0,0,1142,780],"offset":[0,0],"originalSize":[1142,780]}},{"__type__":"cc.SpriteFrame","content":{"name":"1 - 001","texture":"47PH9MZUBEa5pxKGTvNdQq","rect":[0,0,164,116],"offset":[0,0],"originalSize":[164,116]}},{"__type__":"cc.SpriteFrame","content":{"name":"near-bg","texture":"5e/b24kXFFQIGuVOy2iwMu","rect":[0,0,1600,189],"offset":[0,0],"originalSize":[1600,189]}},{"__type__":"cc.SpriteFrame","content":{"name":"exit_btn","texture":"f1uad74u5BiIpGMS83Inqm","rect":[309,315,238,89],"offset":[3,-5],"originalSize":[850,709]}},[{"__type__":"cc.SceneAsset","_name":"menu","scene":{"__id__":1},"asyncLoadAssets":null},{"__type__":"cc.Scene","_name":"New Node","_children":[{"__id__":2},{"__id__":3},{"__id__":4},{"__id__":5},{"__id__":6},{"__id__":9},{"__id__":15},{"__id__":11},{"__id__":13},{"__id__":14}],"_anchorPoint":{"__type__":"cc.Vec2"},"autoReleaseAssets":false},{"__type__":"cc.Node","_name":"Canvas","_parent":{"__id__":1},"_components":[{"__type__":"cc.Canvas","node":{"__id__":2}},{"__type__":"df9307Hc6ROirED+jMjCwYB","node":{"__id__":2},"bg1":{"__id__":3},"bg2":{"__id__":4},"island":{"__id__":5},"island2":{"__id__":6},"button":{"__id__":7},"exit_btn":{"__id__":10},"bird1":{"__id__":13},"bird2":{"__id__":14},"bgmusic":{"__uuid__":"a2yzlbZYhJqowQDpnuP8dA"}}],"_id":"04XQsgHypIkKHFaus0P+mI","_contentSize":{"__type__":"cc.Size","width":960,"height":640},"_position":{"__type__":"cc.Vec2","x":480,"y":320}},{"__type__":"cc.Node","_name":"bg1","_parent":{"__id__":1},"_components":[{"__type__":"cc.Sprite","node":{"__id__":3},"_spriteFrame":{"__uuid__":"2d+ZE5cURH/omkHF/eoINV"}}],"_id":"6c4UKz2MdA7aEQcFPUIQQO","_contentSize":{"__type__":"cc.Size","width":1142,"height":780},"_position":{"__type__":"cc.Vec2","x":568,"y":273}},{"__type__":"cc.Node","_name":"bg2","_parent":{"__id__":1},"_components":[{"__type__":"cc.Sprite","node":{"__id__":4},"_spriteFrame":{"__uuid__":"2d+ZE5cURH/omkHF/eoINV"}}],"_id":"afi3Lui7NPIKhs5qpif0Uo","_contentSize":{"__type__":"cc.Size","width":1142,"height":780},"_position":{"__type__":"cc.Vec2","x":1709,"y":273}},{"__type__":"cc.Node","_name":"island1","_parent":{"__id__":1},"_components":[{"__type__":"cc.Sprite","node":{"__id__":5},"_spriteFrame":{"__uuid__":"8bIc0r4lREKZiW8SpusWSM"}}],"_id":"9b+aRBDbRDxpoXEiigP47F","_contentSize":{"__type__":"cc.Size","width":1600,"height":189},"_position":{"__type__":"cc.Vec2","x":801,"y":87}},{"__type__":"cc.Node","_name":"island2","_parent":{"__id__":1},"_components":[{"__type__":"cc.Sprite","node":{"__id__":6},"_spriteFrame":{"__uuid__":"8bIc0r4lREKZiW8SpusWSM"}}],"_id":"f7A2OMThRL8KqlYMSVEQos","_contentSize":{"__type__":"cc.Size","width":1600,"height":189},"_position":{"__type__":"cc.Vec2","x":2398,"y":87}},{"__type__":"cc.Button","node":{"__id__":8},"_N$target":{"__id__":8}},{"__type__":"cc.Node","_name":"start","_parent":{"__id__":9},"_components":[{"__type__":"cc.Label","node":{"__id__":8},"_enabled":false,"_useOriginalSize":false,"_actualFontSize":20,"_fontSize":20,"_enableWrapText":false,"_N$string":"开始游戏","_N$horizontalAlign":1,"_N$verticalAlign":1,"_N$overflow":1},{"__id__":7}],"_color":{"__type__":"cc.Color","r":5,"g":3,"b":3},"_contentSize":{"__type__":"cc.Size","width":200,"height":80},"_position":{"__type__":"cc.Vec2","x":2}},{"__type__":"cc.Node","_name":"button","_parent":{"__id__":1},"_children":[{"__id__":8}],"_components":[{"__type__":"cc.Sprite","node":{"__id__":9},"_spriteFrame":{"__uuid__":"1bOYrtR9xLCLuPUqErmiQH"},"_type":1,"_sizeMode":0,"_isTrimmedMode":false},{"__type__":"cc.Button","node":{"__id__":9},"transition":2,"pressedColor":{"__type__":"cc.Color","r":255,"g":255,"b":255},"_N$normalColor":{"__type__":"cc.Color","r":255,"g":255,"b":255},"_N$disabledColor":{"__type__":"cc.Color","r":255,"g":255,"b":255},"_N$normalSprite":{"__uuid__":"1bOYrtR9xLCLuPUqErmiQH"},"_N$hoverSprite":{"__uuid__":"e9EIxOwMlIYJpGygVBpGn7"},"hoverSprite":{"__uuid__":"e9EIxOwMlIYJpGygVBpGn7"},"_N$target":{"__id__":9}}],"_id":"fbBnfP7wBMMboKq/IKQwLK","_contentSize":{"__type__":"cc.Size","width":200,"height":80},"_position":{"__type__":"cc.Vec2","x":471,"y":299}},{"__type__":"cc.Button","node":{"__id__":11},"transition":2,"pressedColor":{"__type__":"cc.Color","r":255,"g":255,"b":255},"_N$normalColor":{"__type__":"cc.Color","r":255,"g":255,"b":255},"_N$disabledColor":{"__type__":"cc.Color","r":255,"g":255,"b":255},"_N$normalSprite":{"__uuid__":"922zeG1XZDU4YC1ZLPhq1G"},"_N$hoverSprite":{"__uuid__":"1fPSqCKBpCPZ+tPoPsnGAe"},"hoverSprite":{"__uuid__":"1fPSqCKBpCPZ+tPoPsnGAe"},"_N$target":{"__id__":11}},{"__type__":"cc.Node","_name":"exit","_parent":{"__id__":1},"_children":[{"__id__":12}],"_components":[{"__type__":"cc.Sprite","node":{"__id__":11},"_spriteFrame":{"__uuid__":"922zeG1XZDU4YC1ZLPhq1G"},"_type":1,"_sizeMode":0},{"__id__":10}],"_id":"4e5jlNeedJl6tSxsjiXwZW","_contentSize":{"__type__":"cc.Size","width":200,"height":80},"_position":{"__type__":"cc.Vec2","x":471,"y":192}},{"__type__":"cc.Node","_name":"Label","_parent":{"__id__":11},"_active":false,"_components":[{"__type__":"cc.Label","node":{"__id__":12},"_useOriginalSize":false,"_actualFontSize":20,"_fontSize":20,"_enableWrapText":false,"_N$string":"button","_N$horizontalAlign":1,"_N$verticalAlign":1,"_N$overflow":1}],"_color":{"__type__":"cc.Color"},"_contentSize":{"__type__":"cc.Size","width":100,"height":40}},{"__type__":"cc.Node","_name":"bird1","_parent":{"__id__":1},"_components":[{"__type__":"cc.Sprite","node":{"__id__":13},"_spriteFrame":{"__uuid__":"5aZXpYBrRNwZ1BOFdse/3h"},"_sizeMode":0},{"__type__":"cc.Animation","node":{"__id__":13},"_defaultClip":{"__uuid__":"b2nt96WFVFbY6tw3IuVQ8g"},"_clips":[{"__uuid__":"b2nt96WFVFbY6tw3IuVQ8g"}],"playOnLoad":true}],"_id":"f283GFdABOCaX3AgKzDAce","_contentSize":{"__type__":"cc.Size","width":82,"height":58},"_position":{"__type__":"cc.Vec2","x":1303,"y":579}},{"__type__":"cc.Node","_name":"bird2","_parent":{"__id__":1},"_components":[{"__type__":"cc.Sprite","node":{"__id__":14},"_spriteFrame":{"__uuid__":"5aZXpYBrRNwZ1BOFdse/3h"},"_sizeMode":0},{"__type__":"cc.Animation","node":{"__id__":14},"_defaultClip":{"__uuid__":"b2nt96WFVFbY6tw3IuVQ8g"},"_clips":[{"__uuid__":"b2nt96WFVFbY6tw3IuVQ8g"}],"playOnLoad":true}],"_id":"27BsvJFkpJUqnJ7VzBg0RK","_contentSize":{"__type__":"cc.Size","width":82,"height":58},"_position":{"__type__":"cc.Vec2","x":2798,"y":579}},{"__type__":"cc.Node","_name":"title","_parent":{"__id__":1},"_components":[{"__type__":"cc.Sprite","node":{"__id__":15},"_spriteFrame":{"__uuid__":"e7vaaXXQtFqJsPvJP0GrD/"}}],"_id":"00c1+3lFJHAZ5APFdw02u/","_contentSize":{"__type__":"cc.Size","width":554,"height":109},"_position":{"__type__":"cc.Vec2","x":469,"y":446}}],{"__type__":"cc.SpriteFrame","content":{"name":"title","texture":"34GEQ5//9GP75B7Cgh8L94","rect":[168,252,554,109],"offset":[20,48],"originalSize":[850,709]}},{"__type__":"cc.SpriteFrame","content":{"name":"start_btn_mouseover","texture":"d1nhgd73NP4bErLJ5q/OjW","rect":[309,315,238,89],"offset":[3,-5],"originalSize":[850,709]}}]