[{"__type__":"cc.SpriteFrame","content":{"name":"走2","texture":"31aPYliARMlLU+NSWWxDNG","rect":[1,0,56,59],"offset":[0.5,0],"originalSize":[57,59]}},{"__type__":"cc.SpriteFrame","content":{"name":"走1","texture":"3eJ9xB1otPX4ps3zP86Huc","rect":[25,11,75,81],"offset":[0.5,0.5],"originalSize":[124,104]}},{"__type__":"cc.AnimationClip","_name":"PlayerRun","_duration":0.11666666666666667,"speed":0.3,"wrapMode":2,"curveData":{"comps":{"cc.Sprite":{"spriteFrame":[{"frame":0,"value":{"__uuid__":"98NnlXUBtAUIEhKW5HP+75"}},{"frame":0.05,"value":{"__uuid__":"638oGhyjNMP5Ni+d2sKH8R"}},{"frame":0.1,"value":{"__uuid__":"d1RTu2qE5FU5ePm3ULyNyt"}}]}}}},{"__type__":"cc.SpriteFrame","content":{"name":"走3","texture":"7aYajfYnJJx7r2JFVhqTrh","rect":[25,11,77,83],"offset":[1.5,-0.5],"originalSize":[124,104]}}]