[[{"__type__":"cc.Prefab","_name":"Star","data":{"__id__":1},"asyncLoadAssets":null},{"__type__":"cc.Node","_name":"Star","_components":[{"__type__":"cc.Sprite","node":{"__id__":1},"_spriteFrame":{"__uuid__":"fe1Q4B9oBH0IPdea0/y7gR"},"_sizeMode":0},null],"_prefab":{"__type__":"cc.PrefabInfo","root":{"__id__":1},"asset":{"__uuid__":"6b/JKrIJFDv4d2v1KT2+Ut"},"fileId":"f7XnfkchFAhYbNLejwxqSd"},"_contentSize":{"__type__":"cc.Size","width":42,"height":40},"_position":{"__type__":"cc.Vec2","x":656,"y":318}}],{"__type__":"cc.SpriteFrame","content":{"name":"星星","texture":"8c9CcF0qVM2rZg6ZjfPA+f","rect":[63,59,95,92],"offset":[0.5,5],"originalSize":[220,220]}}]