[{"__type__":"cc.SpriteFrame","content":{"name":"7","texture":"3cpCecNcdNhJiW13XGRvqS","rect":[0,0,156,115],"offset":[0,0],"originalSize":[156,115]}},{"__type__":"cc.SpriteFrame","content":{"name":"3","texture":"6f/RsBhPBH7qO5zCxsmZJp","rect":[0,0,156,115],"offset":[0,0],"originalSize":[156,115]}},{"__type__":"cc.SpriteFrame","content":{"name":"2","texture":"3dMOste8hKZbCCgWOH1PsA","rect":[0,0,157,115],"offset":[0,0],"originalSize":[157,115]}},{"__type__":"cc.SpriteFrame","content":{"name":"4","texture":"c2MTVmot9EbYjlZa+tz84m","rect":[0,0,155,115],"offset":[0,0],"originalSize":[155,115]}},{"__type__":"cc.SpriteFrame","content":{"name":"1","texture":"a0zaSlIUFGxLD8/iBS8mnq","rect":[0,0,164,116],"offset":[0,0],"originalSize":[164,116]}},{"__type__":"cc.AnimationClip","_name":"Bird","_duration":0.25,"wrapMode":2,"curveData":{"comps":{"cc.Sprite":{"spriteFrame":[{"frame":0,"value":{"__uuid__":"85Pq4WV1pPrLkcwAR1ewzI"}},{"frame":0.03333333333333333,"value":{"__uuid__":"31s1cJyq5HL799ZC7iBpGB"}},{"frame":0.06666666666666667,"value":{"__uuid__":"21Jko9+mZFIYctJbqTkb6h"}},{"frame":0.1,"value":{"__uuid__":"611Xk2yfVDQ66Qx4prtq45"}},{"frame":0.13333333333333333,"value":{"__uuid__":"d5eXJiP+REToNGxKhKoy73"}},{"frame":0.16666666666666666,"value":{"__uuid__":"fdmPWd7fxEFbsc79UnClA3"}},{"frame":0.2,"value":{"__uuid__":"08GA6z0dpDFq6rbU8MowCw"}},{"frame":0.23333333333333334,"value":{"__uuid__":"df16wrfUdBwrsBBNzt6jaa"}}]}}}},{"__type__":"cc.SpriteFrame","content":{"name":"5","texture":"40oQJLibxMJ4tMdQCes2Hm","rect":[0,0,154,119],"offset":[0,0],"originalSize":[154,119]}},{"__type__":"cc.SpriteFrame","content":{"name":"8","texture":"76T9VJNQROTIfuCLN6xWBY","rect":[0,0,158,115],"offset":[0,0],"originalSize":[158,115]}},{"__type__":"cc.SpriteFrame","content":{"name":"6","texture":"59TbB5WGBJj4Iwgi8Qupfr","rect":[0,0,154,116],"offset":[0,0],"originalSize":[154,116]}}]